Age,CGPA,Attendance_Percent,Final_Score,Absences,Gender_Female,Gender_Male,Department_CSE,Department_ECE,Department_ISE
0.0,0.7142857142857144,0.625,0.7586206896551724,0.2,1,0,1,0,0
0.3333333333333333,0.4285714285714284,0.40625,0.5517241379310345,0.4,0,1,1,0,0
0.0,0.9523809523809526,0.90625,0.9310344827586207,0.0,1,0,0,1,0
0.6666666666666666,0.09523809523809491,0.1875,0.13793103448275862,0.6,0,1,0,0,1
0.3333333333333333,0.5952380952380945,0.8125,0.7931034482758621,0.2,1,0,1,0,0
0.0,0.5714285714285712,0.625,0.6206896551724138,0.4,0,1,0,1,0
0.6666666666666666,1.0,1.0,1.0,0.0,1,0,0,0,1
0.3333333333333333,0.2857142857142856,0.28125,0.3793103448275862,0.8,0,1,1,0,0
0.0,0.8571428571428568,0.84375,0.6206896551724138,0.2,1,0,0,1,0
1.0,0.0,0.0625,0.06896551724137931,1.0,0,1,0,0,1
0.3333333333333333,0.666666666666667,0.71875,0.6896551724137931,0.2,1,0,1,0,0
0.0,0.4761904761904763,0.46875,0.5172413793103449,0.4,0,1,0,1,0
0.6666666666666666,0.9047619047619051,0.9375,0.896551724137931,0.0,1,0,0,0,1
0.3333333333333333,0.23809523809523814,0.25,0.27586206896551724,0.6,0,1,1,0,0
0.0,0.8095238095238093,0.78125,0.7586206896551724,0.2,1,0,0,1,0
1.0,0.5952380952380945,0.0,0.0,1.0,0,1,0,0,1
0.3333333333333333,0.6190476190476186,0.6875,0.6206896551724138,0.4,1,0,1,0,0
0.0,0.38095238095238093,0.34375,0.4482758620689655,0.4,0,1,0,1,0
0.6666666666666666,0.7619047619047619,0.875,0.8275862068965517,0.0,1,0,0,0,1
0.3333333333333333,0.1428571428571428,0.21875,0.20689655172413793,0.8,0,1,1,0,0
