Student_ID,Age,Gender,Department,CGPA,Attendance_Percent,Final_Score,Absences
1,20,Female,CSE,8.4,82.0,90.0,1.0
2,21,Male,CSE,7.8,75.0,84.0,2.0
3,20,Female,ECE,8.9,91.0,95.0,0.0
4,22,Male,ISE,7.1,68.0,72.0,3.0
5,21,Female,CSE,,88.0,91.0,1.0
6,20,Male,ECE,8.1,,86.0,2.0
7,22,Female,ISE,9.0,94.0,97.0,0.0
8,21,Male,CSE,7.5,71.0,79.0,4.0
9,20,Female,ECE,8.7,89.0,,1.0
10,23,Male,ISE,6.9,64.0,70.0,5.0
11,21,Female,CSE,8.3,85.0,88.0,1.0
12,20,Male,ECE,7.9,77.0,83.0,
13,22,Female,ISE,8.8,92.0,94.0,0.0
14,21,Male,CSE,7.4,70.0,76.0,3.0
15,20,Female,ECE,8.6,87.0,90.0,1.0
16,23,Male,ISE,,62.0,68.0,5.0
17,21,Female,CSE,8.2,84.0,86.0,2.0
18,20,Male,ECE,7.7,73.0,81.0,2.0
19,22,Female,ISE,8.5,90.0,92.0,0.0
20,21,Male,CSE,7.2,69.0,74.0,4.0
